<configuration scan="true">
	<appender name="STDOUT" class="ch.qos.logback.core.ConsoleAppender">
		<filter class="ch.qos.logback.classic.filter.ThresholdFilter">
			<level>INFO</level>
		</filter>
		<encoder>
			<pattern>%d{mm:ss.SSS} %-5level %logger{35} - %msg%n
			</pattern>
		</encoder>
	</appender>

	<!-- <appender name="memory" class="skysail.server.osgi.logging.memoryAppender.MemoryAppender"> 
		</appender> -->

	<appender name="WARN_FILE" class="ch.qos.logback.core.FileAppender">
		<filter class="ch.qos.logback.classic.filter.ThresholdFilter">
			<level>WARN</level>
		</filter>
		<file>logs/warn.log</file>
		<append>false</append>
		<encoder>
			<pattern>%-5level %logger{55} - %msg%n
			</pattern>
		</encoder>
	</appender>

	<appender name="INFO_FILE" class="ch.qos.logback.core.FileAppender">
		<filter class="ch.qos.logback.classic.filter.ThresholdFilter">
			<level>INFO</level>
		</filter>
		<file>logs/info.log</file>
		<append>false</append>
		<encoder>
			<pattern>%-5level %logger{55} - %msg%n
			</pattern>
		</encoder>
	</appender>

	<appender name="DEBUG_FILE" class="ch.qos.logback.core.FileAppender">
		<filter class="ch.qos.logback.classic.filter.ThresholdFilter">
			<level>DEBUG</level>
		</filter>
		<file>logs/debug.log</file>
		<append>false</append>
		<encoder>
			<pattern>%-5level %logger{55} - %msg%n
			</pattern>
		</encoder>
	</appender>

	<!-- <logger name="chapters.configuration" level="INFO" /> -->

	<root>
		<appender-ref ref="STDOUT" />
		<appender-ref ref="INFO_FILE" />
		<appender-ref ref="DEBUG_FILE" />
		<appender-ref ref="WARN_FILE" />
		<!-- <appender-ref ref="memory" /> -->
	</root>
	
</configuration>